Adam Tan|85855770|adamtan@gmail.com|Tan Kah Kee|@adamtan|TA|IE2141 CE2183 LAV2201 BT2103 LAK3201 CS2101
Albert Park|89760441|albertpark@gmail.com|King Albert Park|@albertpark|TA|CS2105 CS2104 CS2103 CS1010 CHC5338 BT2103
Alex Quinn|93160153|alexquinn@gmail.com|Queenstown|@alexquinn|Groupmate|CS2101 CS2107 AR4955 CE2155 CS4240 CS2105
Amirah Tan|91965624|amirahtan@gmail.com|Tanah Merah|@amirahtan|Groupmate|CS2104 CS2102 IS2101 CS4347 CS2108 BT2101
Amirul Tihani|82802032|amirultihani@gmail.com|Admiralty|@amirultihani|NS|CS2113T BN5209 MA2116 CS2102 CS2108 CS2103
Anderson Yeo|87737559|andersonyeo@gmail.com|Yio Chu Kang|@andersonyeo|NS|BT2103 CS2107 SE4227 CS2103 IS2103 ST3289
Ang Cheng San|87126139|angchengsan@gmail.com|Ang Mo Kio|@angchengsan|NS|CS2100 CE2134 BT2102 CS2108 NUR1113A CS2101
Ang De Yi|86646589|angdeyi@gmail.com|Teck Ghee|@angdeyi||FST5303A EE4435 CS2102 CS2104 CS2106 ST2132
Ang Mei Hua|86203169|angmeihua@gmail.com|Mayflower|@angmeihua|Study|CS2108 GEN2061 CS2107 DSA2102 CS2102 CS2106
Astrid Holland|95386123|astridholland@gmail.com|Holland Village|@astridholland|CCA|IS2103 CS2102 CS2108 CS2107 LAD2006 CS2040
Bart Lee|82630347|bartlee@gmail.com|Bartley|@bartlee|CCA|CE2183 CS2108 PL3551R CS2113 CS2107 CS3216
Benjamin DeMeer|99461598|benjamindemeer@gmail.com|Bendemeer|@benjamindemeer|TA|NUR5003 CS2100 CS2103 CS2102 CS2101 BL5631
Benjamin Dover|88576536|benjamindover@gmail.com|Dover|@benjamindover|Groupmate|CS2107 PP5227 CS2100 CS2030 BT2102 IS2238
Benjamin Khoo|98375302|benjaminkhoo@gmail.com|Bencoolen|@benjaminkhoo|TA|CS2105 CS2100 CS2103 CS2104 CS2107 IS2238
Boon Kheng|99866520|boonkheng@gmail.com|Boon Keng|@boonkheng|NUS|MKT4761H CS2104 ME5410 CS2102 CS2105 CS2113
Boone Leigh|83278152|booneleigh@gmail.com|Boon Lay|@booneleigh|JC Groupmate|UTC1409 CS2105 EN3224 IS2103 CS2102 GE2103
Bradley Toh|86849052|bradleytoh@gmail.com|Braddell|@bradleytoh|NS|CS2103 CS2113 GESS1009 MS4880B CS2107 CS2106
Charles Windsor|96302865|charleswindsor@gmail.com|Mountbatten|@charleswindsor|CCA|DI5200 CS2105 CS2109S MA2101 CS2100 CS2108
Chu Nam Gyeong|85846838|chunamgyeong@gmail.com|South View|@chunamgyeong|JC|CS2113 CE2155 IS2102 CS2106 CS2104 BT2103
Chun Ye|85210518|chunye@gmail.com|Springleaf|@chunye|Study|CS2102 LAK2201 CS2103 CS2105 PHS2102 CS2113
Clark Kee|81342028|clarkkee@gmail.com|Clarke Quay|@clarkkee|NUS|CS2103 CE2003 CS2105 IE4102 SC3206 CS2106
Clement Tee|81314763|clementtee@gmail.com|Clementi|@clementtee|Groupmate|CS2100 CS2104 CS2030S CS2101 CS2108 CS2113
Dakota Dunman|86263617|dakotadunman@gmail.com|Dakota|@dakotadunman|CCA|GE2102 QF3101 LLJ5203 CS2104 ST2132 CM3261
Daniel Rong Jia Tong|93431045|danielrongjiatong@gmail.com|Tanjong Katong|@danielrongjiatong|Study|CS2103 BT2103 CS2108 IS2238 CS2102 CS2101
Dong Yu Lang|96826104|dongyulang@gmail.com|Jurong East|@dongyulang|NS|BME5056A CS2101 CE2183 IS4303 CS2108 CS4211
Edward Anson|97472814|edwardanson@gmail.com|Prince Edward Road|@edwardanson|CCA|CS2103 CS2107 LAM2201 DAO2702 LL5402 CS2113T
Edward Richards|92463693|edwardrichards@gmail.com|Kent Ridge|@edwardrichards|CCA|CS2105 CS2309 CS2104 CS2100 ST3289 CE4103
Elisabeth Verger|83227208|elisabethverger@gmail.com|Orchard|@elisabethverger|Study NS|CS2109S CE2155 CE2134 CS2103R CE2183 IS2101
Enova Woodland|91330044|enovawoodland@gmail.com|Woodlands|@enovawoodland|Study NS|CS2105 CS2108 CS2100 CS2106 MA2108S HY5303
Eusoff Richards|83463996|eusoffrichards@gmail.com|Kent Ridge|@eusoffrichards|CCA|CS2030 CS2107 CS2102 CS2101 BT2101 CS3241R
Evelyn Newton|86458685|evelynnewton@gmail.com|Newton|@evelynnewton|NS TA|ST2137 MA2104 CS2106 CS2107 BT2101 SE3550
Ford Canning|88032666|fordcanning@gmail.com|Fort Canning|@fordcanning|TA|CS2101 CS2103 CS2108 CS2030S CS2102 CS2107
George Richards|98796811|georgerichards@gmail.com|Kent Ridge|@georgerichards|CCA|CS4249 CS2105 GE2103 BT2101 CS2108 CS2103R
Glenn Napier|93117207|glennnapier@gmail.com|Napier|@glennnapier|Study|CS2107 CS2106 EC3385 CS2100 CS2103 CS2113
Grover Woodland|85863061|groverwoodland@gmail.com|Woodlands|@groverwoodland|Study NS|CLC3307 IS2102 BT2101 CS2101 CS2309 CS2104
Gwon Se Rang|98239488|gwonserang@gmail.com|Serangoon|@gwonserang|CCA NUS|SPH5422 YIR3401G ST2131 CS2104 CS2113 CS2108
Hong Shan|91345682|hongshan@gmail.com|Redhill|@hongshan|Groupmate|MA2101 CS2104 CS2113 LSM3259 CE2407A CS2107
Ian Hill|95857707|ianhill@gmail.com|Bukit Panjang|@ianhill|Enemy|IS2101 TR3203T CS2105 CS2040S CS2108 CS2101
Ikebe Harumi|95603538|ikebeharumi@gmail.com|Lakeside|@ikebeharumi|Groupmate|CS2113 CS2106 CS2105 PR5150 ST2132 CS2040S
Isaac Newton|93175044|isaacnewton@gmail.com|Newton|@isaacnewton|NS TA|CE5315 CS2109S CS2113T CS2105 CS2107 CS2104
Jing Kai Xiu|86104997|jingkaixiu@gmail.com|Cashew|@jingkaixiu|TA|SLP5118 CS2108 CS2113 DSA2102 CS2102 EN4224
Joo Rong|94044861|joorong@gmail.com|Jurong East|@joorong|NS|DOS5104 CS4238 BT2103 BT2101 CN4240E CS2040
Ju Kun|84709651|jukun@gmail.com|Joo Koon|@jukun|Groupmate|CS2101 DSA2101 BN3301 CS2106 CS2108 CS2107
Kang Cheng Lim|85504744|kangchenglim@gmail.com|Cheng Lim|@kangchenglim||CS2101 LL4461V ESE5202 CS2113 IS2103 SPH1901
Kang Seng|98757820|kangseng@gmail.com|Sengkang|@kangseng||CS2102 CS2103R CS2309 CS2105 GE2103 IS2101
Kawabe Sumire|88154336|kawabesumire@gmail.com|Lavender|@kawabesumire|Groupmate|CS2104 CS3231 CS4268 CS2105 CS2102 LCJ5015
Keith Hong|82438441|keithhong@gmail.com|Keat Hong|@keithhong|JC|CS2104 IS3240 MA2108 LL4342V LCJ5007 IS2101
Kent Richards|94782148|kentrichards@gmail.com|Kent Ridge|@kentrichards|CCA|CS2113 MA5251 CS2104 BMK5102 CS2108 FST5303A
Kevin Ho|99997496|kevinho@gmail.com|Kovan|@kevinho|NUS|IS2101 CS2030S LAC2201 YSC1207 CS2113T CS2107
Khadijah Al Junied|91667010|khadijahaljunied@gmail.com|Aljunied|@khadijahaljunied|Groupmate|CS2100 CS2106 CS2105 CS2108 CS2104 CS2101
Khoo Pang Seng|94087029|khoopangseng@gmail.com|Kupang|@khoopangseng||CS2107 MUA3177 CS2104 CS2108 ESE5602 CS2102
Kishan Tharunika|95377101|kishantharunika@gmail.com|Bishan|@kishantharunika|NS CCA|CS3281 CS2102 CS2107 CS2108 CS2103 CS2105
Lam Huu Tram|87347209|lamhuutram@gmail.com|Outram Park|@lamhuutram|Study Groupmate NUS|BT2102 CS2102 GEN2000 CS2106 CS2108 PL4214
Lao Ming Da|97558681|laomingda@gmail.com|Lavender|@laomingda|Groupmate|CS2102 CS2309 CS2113T CS2113 CS2100 CS3281
Lavender Crawford|83340546|lavendercrawford@gmail.com|Lavender|@lavendercrawford|Groupmate|BT2102 CS2113T CS2113 CS4243 CS2100 IS2103
Low Wong Chuan|85633730|lowwongchuan@gmail.com|Lorong Chuan|@lowwongchuan|CCA|CS2100 CS2104 CS2108 CS2030S LSM4217 CDM5103
Marceline Parker|81363512|marcelineparker@gmail.com|Marsiling|@marcelineparker|NS|CS2103 TS4212 CS2107 CS2030S CS2102 CS2100
Marie Thomson|89617952|mariethomson@gmail.com|Upper Thomson|@mariethomson|Study|CS3263 CS2106 CS2100 CS2107 HY2220 CS2108
Mary Meng|93816073|marymeng@gmail.com|Marymount|@marymeng|CCA|CS2103 CS2104 CS2106 LL4377V CS2102 ID4106
Maya Takashi|93402097|mayatakashi@gmail.com|Orchard|@mayatakashi|Enemy|IS5126 IS3103 YHU2339 CS2108 CS2102 IE2130E
Melania Walker|81258647|melaniawalker@gmail.com|Promenade|@melaniawalker|Enemy|CS3235 IS2101 CS1231 CS2105 SW3104A SC2202
Melina Beh|83593301|melinabeh@gmail.com|Marina Bay|@melinabeh|Study NS|CS2030 QF5201 CE2155 CS3244 CE2134 CS2108
Mihoko Minami|88270671|mihokominami@gmail.com|South View|@mihokominami|JC|CS2220 NM2104 CS2105 SPH5890C FT5007 CS2113
Muhammad Matar|89524271|muhammadmatar@gmail.com|Mattar|@muhammadmatar|TA|CS2106 CE2134 FE5108 CS2104 CS2102 CS2101
Murray Maxwell|99014231|murraymaxwell@gmail.com|Maxwell|@murraymaxwell|Study|IS2103 BT2103 CS3211 CS4278 GEC1044 IS2101
Nee Soon|83322492|neesoon@gmail.com|Yishun|@neesoon|NS|CS2105 BT2201 CS2103 CS2030 CE2155 CS2106
Nicholas Tan Bin|89831928|nicholastanbin@gmail.com|Tampines|@nicholastanbin|TA Groupmate|CS2102 CS2107 DSA5202 CS2113 CS2105 CS2100
Nicole Hai Wei Ting|92574283|nicolehaiweiting@gmail.com|Nicoll Highway|@nicolehaiweiting|CCA|NGN2001E CS3203 LL5394 CS2105 CS3242 CS2107
Novena Thomson|97520716|novenathomson@gmail.com|Novena|@novenathomson|NS|BT2101 CS2105 CS2100 CS2113 CS2113T CS2103
Nur Khatibah Abdul Ibrahim|84256812|nurkhatibahabdulibrahim@gmail.com|Khatib|@nurkhatibahabdulibrahim|NS|PP5534 MUA4102 CS2104 CE2155 CS2103 BT2103
Owen Farrer|91372058|owenfarrer@gmail.com|Farrer Park|@owenfarrer|NUS|ZB4171 CS2101 CS2104 CS2105 ST2132 CS2102
Pak Gui Lin|85983772|pakguilin@gmail.com|Bukit Gombak|@pakguilin|NS|CS2103 CS2100 CS2108 CS2101 CS2104 CS2309
Park Mi Kyung|99498612|parkmikyung@gmail.com|Buona Vista|@parkmikyung|Groupmate CCA|CS2106 LAV3202 CS2100 CS2030S CS3240 CS2102
Qiu Shun Yi|86507999|qiushunyi@gmail.com|Yishun|@qiushunyi|NS|CS2106 CS2108 CE2155 IS4151 CS2107 CS2101
Quincy Dawson|97540218|quincydawson@gmail.com|Queenstown|@quincydawson|Groupmate|CE2183 CS2105 BT2102 CS2101 CE2407A CS2113
Ritchie Thomson|84151344|ritchiethomson@gmail.com|Upper Thomson|@ritchiethomson|Study|CS2102 IS2102 CE2183 CS2107 CS2106 CS2100
Ruby McPherson|94529587|rubymcpherson@gmail.com|MacPherson|@rubymcpherson|TA CCA|UTC2113 IS2103 CS3242 CS4221 PC4236 CS2103
Samantha Kee|96110387|samanthakee@gmail.com|Sam Kee|@samanthakee||CS2105 CS2109S CS2113 CE2407A CS2108 BT2102
Scott Newton|81756047|scottnewton@gmail.com|Newton|@scottnewton|NS TA|CE5002D CS2100 BT2102 CS2107 BT2101 CS2309
Seth Summers|92709675|sethsummers@gmail.com|Somerset|@sethsummers|NS|CS2105 CS2100 BT2101 CS2030 CS2106 BT2103
Shannon Wei|96858348|shannonwei@gmail.com|Shenton Way|@shannonwei|Study|CS3219 CS3211 CS2113 IS2101 CS2103 CS3240
Sim Ga Rang|93643513|simgarang@gmail.com|Kallang|@simgarang|Groupmate|CS2107 CS2103 CE3116 MA2213 IS2101 BT2103
Siti Halimah|85665358|sitihalimah@gmail.com|City Hall|@sitihalimah|NS Groupmate|BT2101 CS2102 PLS8002A CS2104 CE2155 CS2101
Soon Teck|96679186|soonteck@gmail.com|Promenade|@soonteck|Enemy|CS2100 CS2106 CS2107 CS2108 CS2102 CS2105
Stella Lee|81856401|stellalee@gmail.com|Bartley|@stellalee|CCA|CS2107 CS2102 CS2113 CS2106 MA3265 CS2100
Steven Tan|83963047|steventan@gmail.com|Stevens|@steventan|Study TA|CS2030 CE2183 CS2103 CS3235 CS2309 CS2100
Su De|89341980|sude@gmail.com|Soo Teck|@sude||CS2103 CS2102 BMC5035G CS4211 CS2107 CS3247
Syed Alwi Bin Mustafa|96945236|syedalwibinmustafa@gmail.com|Farrer Park|@syedalwibinmustafa|Enemy|CS2106 CS2103 NUR5711 CS1010J CS2101 PP5706
Tae Seung|98138152|taeseung@gmail.com|Tai Seng|@taeseung|CCA|LL6450V CS2101 CS3231 HY5412 CS2220 CS2103
Tan Kah Kee|88870974|tankahkee@gmail.com|Tan Kah Kee|@tankahkee|TA|CS2101 CS2104 CS2103 MA2101 CS2105 CS2100
Tom Holland|81502529|tomholland@gmail.com|Holland Village|@tomholland|CCA|SW4227 CS3236 CS2113 CS2103 BT2103 CS4226
Tomo Yuike|95915172|tomoyuike@gmail.com|Yew Tee|@tomoyuike|NS|CS2104 CE2155 CS2101 YSS2203 CS2103 MLE5223
Vernon Lee|87148573|vernonlee@gmail.com|Bartley|@vernonlee|CCA|CS2102 CS2106 CS2040C CS2105 BT2101 IS2102
Wei Yi|81548749|weiyi@gmail.com|one-north|@weiyi|CCA|MUA3204 CS3103 PM5117 CS2113T CS2102 ST3239
Wen Li|92847733|wenli@gmail.com|Boon Lay|@wenli|JC Groupmate|YSS4220 CS2104 BT2102 CS2107 IS4231 LLJ5339
Wen Qing|87746543|wenqing@gmail.com|Boon Keng|@wenqing|NUS|CS2040 BMK5100 CS2106 CS2113 ST5212 CS2105
Wong Kok Seng|83526963|wongkokseng@gmail.com|Buangkok|@wongkokseng|NUS|CS2100 LLJ5063V CS2103 CS2106 JS2233 CS2113
Yamaji Komyo|97821531|yamajikomyo@gmail.com|Bright Hill|@yamajikomyo|Study|CS2108 YSS4107 AS2237 IS4238 CS2107 IS2102
Yunus Abdul Razak|85795138|yunusabdulrazak@gmail.com|Eunos|@yunusabdulrazak|Groupmate|CS2104 ST2137 CE2407B CS2105 DSA2102 CS2113
Zhang Yi|86977741|zhangyi@gmail.com|Changi Airport|@zhangyi||BT2101 BT2103 CS2103 CS2101 MKT4723 CS2102
